{
  "overall": {
    "ml_accuracy": 1.0,
    "naive_accuracy": 0.6078431372549019,
    "improvement": 0.3921568627450981,
    "beats_baseline": true,
    "n_samples": 51
  },
  "per_symbol": {
    "BTC-USD": {
      "ml_accuracy": 1.0,
      "naive_accuracy": 0.5294117647058824,
      "improvement": 0.47058823529411764,
      "n_samples": 17
    },
    "ETH-USD": {
      "ml_accuracy": 1.0,
      "naive_accuracy": 0.5882352941176471,
      "improvement": 0.4117647058823529,
      "n_samples": 17
    },
    "XMR-USD": {
      "ml_accuracy": 1.0,
      "naive_accuracy": 0.7058823529411765,
      "improvement": 0.2941176470588235,
      "n_samples": 17
    }
  }
}